id,name
HP:0010978,Abnormality of immune system physiology
HP:0100326,Immunologic hypersensitivity
HP:0000118,Phenotypic abnormality
HP:0002715,Abnormality of the immune system
HP:0000234,Abnormality of the head
HP:0001999,Abnormal facial shape
HP:0000271,Abnormality of the face
HP:0000152,Abnormality of head or neck
HP:0000366,Abnormality of the nose
HP:0011119,Abnormal nasal dorsum morphology
HP:0005105,Abnormal nasal morphology
HP:0010938,Abnormal external nose morphology
HP:0001574,Abnormality of the integument
HP:0025031,Abnormality of the digestive system
HP:0004297,Abnormality of the biliary system
HP:0001005,Dermatological manifestations of systemic disorders
HP:0001392,Abnormality of the liver
HP:0011121,Abnormal skin morphology
HP:0001396,Cholestasis
HP:0000951,Abnormality of the skin
HP:0011354,Generalized abnormality of skin
HP:0002012,Abnormality of the abdominal organs
HP:0000153,Abnormality of the mouth
HP:0000163,Abnormal oral cavity morphology
HP:0031816,Abnormal oral morphology
HP:0030809,Abnormal tongue morphology
HP:0000157,Abnormality of the tongue
HP:0011368,Epidermal thickening
HP:0001072,Thickened skin
HP:0001000,Abnormality of skin pigmentation
HP:0002597,Abnormality of the vasculature
HP:0025323,Abnormal arterial physiology
HP:0011025,Abnormal cardiovascular system physiology
HP:0030163,Abnormal vascular physiology
HP:0033401,Tissue ischemia
HP:0001626,Abnormality of the cardiovascular system
HP:0003111,Abnormal blood ion concentration
HP:0004363,Abnormal circulating calcium concentration
HP:0010927,Abnormal blood inorganic cation concentration
HP:0010929,Abnormal blood cation concentration
HP:0001939,Abnormality of metabolism/homeostasis
HP:0032180,Abnormal circulating metabolite concentration
HP:0430135,Abnormal circulating hepatic transaminase concentration
HP:0012379,Abnormal circulating enzyme concentration or activity
HP:0034684,Abnormal enzyme concentration or activity
HP:0032101,Unusual infection
HP:0430150,Positive blood infectious agent test
HP:0020071,Viremia
HP:0032169,Severe infection
HP:0031691,Severe viral infection
HP:0031692,Severe cytomegalovirus infection
HP:0430030,Positive infectious agent test
HP:0031863,Bloodstream infectious agent
HP:0032248,Persistent viremia
HP:0002086,Abnormality of the respiratory system
HP:0002795,Abnormal respiratory system physiology
HP:0012252,Abnormal respiratory system morphology
HP:0009121,Abnormal axial skeleton morphology
HP:0011842,Abnormal skeletal morphology
HP:0033127,Abnormality of the musculoskeletal system
HP:0008428,Vertebral clefting
HP:0003468,Abnormal vertebral morphology
HP:0003312,Abnormal form of the vertebral bodies
HP:0000924,Abnormality of the skeletal system
HP:0000925,Abnormality of the vertebral column
HP:0040064,Abnormality of limbs
HP:0002817,Abnormality of the upper limb
HP:0011297,Abnormal digit morphology
HP:0001155,Abnormality of the hand
HP:0040068,Abnormality of limb bone
HP:0011844,Abnormal appendicular skeleton morphology
HP:0001167,Abnormal finger morphology
HP:0002813,Abnormal limb bone morphology
HP:0005918,Abnormal finger phalanx morphology
HP:0011873,Abnormal platelet count
HP:0011875,Abnormal platelet morphology
HP:0001871,Abnormality of blood and blood-forming tissues
HP:0001872,Abnormality of thrombocytes
HP:0012740,Papilloma
HP:0008069,Neoplasm of the skin
HP:0002664,Neoplasm
HP:0011793,Neoplasm by anatomical site
HP:0011991,Abnormal neutrophil count
HP:0010987,Abnormal cellular immune system morphology
HP:0001874,Abnormality of neutrophils
HP:0011893,Abnormal leukocyte count
HP:0001911,Abnormal granulocyte morphology
HP:0032309,Abnormal granulocyte count
HP:0001881,Abnormal leukocyte morphology
HP:0032251,Abnormal immune system morphology
HP:0010974,Abnormal myeloid leukocyte morphology
HP:0000164,Abnormality of the dentition
HP:0009804,Tooth agenesis
HP:0006483,Abnormal number of teeth
HP:0000929,Abnormal skull morphology
HP:0000290,Abnormality of the forehead
HP:0430000,Abnormal frontal bone morphology
HP:0011218,Abnormal shape of the frontal region
HP:0002683,Abnormal calvaria morphology
HP:0030057,Autoimmune antibody positivity
HP:0002960,Autoimmunity
HP:0000707,Abnormality of the nervous system
HP:0012229,CSF pleocytosis
HP:0002921,Abnormal cerebrospinal fluid morphology
HP:0002011,Morphological central nervous system abnormality
HP:0012639,Abnormal nervous system morphology
HP:0002843,Abnormal T cell morphology
HP:0025540,Abnormal T cell subset distribution
HP:0004332,Abnormal lymphocyte morphology
HP:0500269,Abnormal proportion of gamma-delta T cells
HP:0040088,Abnormal lymphocyte count
HP:0011839,Abnormal T cell count
HP:0011111,Abnormal immune serum protein physiology
HP:0011112,Abnormal circulating cytokine concentration
HP:0011117,Abnormal circulating interleukin concentration
HP:6000441,Abnormal circulating interleukin 6 concentration
HP:0002088,Abnormal lung morphology
HP:0011947,Respiratory tract infection
HP:0032039,Abnormality of the ocular adnexa
HP:0032040,Abnormal ocular adnexa physiology
HP:0031879,Abnormal eyelid physiology
HP:0012179,Craniofacial dystonia
HP:0001332,Dystonia
HP:0004373,Focal dystonia
HP:0100022,Abnormality of movement
HP:0000315,Abnormality of the orbital region
HP:0012638,Abnormal nervous system physiology
HP:0033796,Abnormal leukocyte physiology
HP:0011017,Abnormal cellular physiology
HP:0025354,Abnormal cellular phenotype
HP:0031409,Abnormal lymphocyte physiology
HP:0005368,Abnormality of humoral immunity
HP:0005372,Abnormality of B cell physiology
HP:0034784,Vasculitis by anatomical site
HP:0033353,Abnormal blood vessel morphology
HP:0002633,Vasculitis
HP:0011276,Vascular skin abnormality
HP:0025015,Abnormal vascular morphology
HP:0030680,Abnormal cardiovascular system morphology
HP:0012759,Neurodevelopmental abnormality
HP:0012758,Neurodevelopmental delay
HP:0000777,Abnormal thymus morphology
HP:0000818,Abnormality of the endocrine system
HP:0010515,Aplasia/Hypoplasia of the thymus
HP:0100763,Abnormality of the lymphatic system
HP:0009124,Abnormal adipose tissue morphology
HP:0012647,Abnormal inflammatory response
HP:0012649,Increased inflammatory response
HP:0003549,Abnormality of connective tissue
HP:0410241,Abnormal circulating IgE level
HP:0010701,Abnormal immunoglobulin level
HP:0010702,Increased circulating antibody level
HP:0030498,Macular thickening
HP:0004329,Abnormal posterior eye segment morphology
HP:0001098,Abnormal fundus morphology
HP:0000969,Edema
HP:0001103,Abnormal macular morphology
HP:0012337,Abnormal homeostasis
HP:0012372,Abnormal eye morphology
HP:0011032,Abnormality of fluid regulation
HP:0000478,Abnormality of the eye
HP:0000479,Abnormal retinal morphology
HP:0011124,Abnormal epidermal morphology
HP:0040189,Scaling skin
HP:0004311,Abnormal macrophage morphology
HP:0002087,Abnormality of the upper respiratory tract
HP:0011821,Abnormal facial skeleton morphology
HP:0000245,Abnormal paranasal sinus morphology
HP:0000246,Sinusitis
HP:0012373,Abnormal eye physiology
HP:0000492,Abnormal eyelid morphology
HP:0030669,Abnormal ocular adnexa morphology
HP:0006530,Abnormal pulmonary interstitial morphology
HP:0034434,Abnormal communication
HP:0011446,Abnormality of mental function
HP:0002167,Abnormality of speech or vocalization
HP:0002463,Language impairment
HP:0030724,Central nervous system cyst
HP:0033563,Anti-tissue transglutaminase antibody positivity
HP:0001877,Abnormal erythrocyte morphology
HP:0011138,Abnormal skin adnexa morphology
HP:0011362,Abnormal hair quantity
HP:0001595,Abnormal hair morphology
HP:0011122,Abnormality of skin physiology
HP:0011123,Inflammatory abnormality of the skin
HP:0000708,Atypical behavior
HP:0002090,Pneumonia
HP:0002719,Recurrent infections
HP:0002205,Recurrent respiratory infections
HP:0002783,Recurrent lower respiratory tract infections
HP:0008065,Aplasia/Hypoplasia of the skin
HP:0011355,Localized skin lesion
HP:0032166,Unusual gastrointestinal infection
HP:0025032,Abnormality of digestive system physiology
HP:0012719,Functional abnormality of the gastrointestinal tract
HP:0011024,Abnormality of the gastrointestinal tract
HP:0000953,Hyperpigmentation of the skin
HP:0003011,Abnormality of the musculature
HP:0031910,Abnormal cranial nerve physiology
HP:0006824,Cranial nerve paralysis
HP:0010827,Abnormal seventh cranial physiology
HP:0001324,Muscle weakness
HP:0000301,Abnormality of facial musculature
HP:0030319,Weakness of facial musculature
HP:0011799,Abnormality of facial soft tissue
HP:0011804,Abnormal muscle physiology
HP:0011805,Abnormal skeletal muscle morphology
HP:0004323,Abnormality of body weight
HP:0001507,Growth abnormality
HP:0004325,Decreased body weight
HP:0001508,Failure to thrive
HP:0008609,Abnormal middle ear morphology
HP:0000370,Abnormality of the middle ear
HP:0000598,Abnormality of the ear
HP:0031703,Abnormal ear morphology
HP:0000539,Abnormality of refraction
HP:0012393,Allergy
HP:0000692,Tooth malposition
HP:0000940,Abnormal diaphysis morphology
HP:0011314,Abnormal long bone morphology
HP:0001510,Growth delay
HP:0033184,Triggered by infection
HP:0033198,Triggered by viral infection
HP:0025204,Triggered by
HP:0012823,Clinical modifier
HP:0001974,Leukocytosis
HP:0410380,"Abnormal proportion of CD8-positive, alpha-beta memory T cells"
HP:0410384,"Abnormal proportion of central memory CD8-positive, alpha-beta T cells"
HP:0410392,"Increased proportion of CD8-positive, alpha-beta memory T cells"
HP:0031393,Abnormal proportion of CD8-positive T cells
HP:0032182,Abnormal proportion of memory T cells
HP:0032184,Increased proportion of memory T cells
HP:0045060,Aplasia/hypoplasia involving bones of the extremities
HP:0011927,Short digit
HP:0009115,Aplasia/hypoplasia involving the skeleton
HP:0005922,Abnormal hand morphology
HP:0009381,Short finger
HP:0005927,Aplasia/hypoplasia involving bones of the hand
HP:0009815,Aplasia/hypoplasia of the extremities
HP:0006496,Aplasia/hypoplasia involving bones of the upper limbs
HP:0004207,Abnormal 5th finger morphology
HP:0006262,Aplasia/Hypoplasia of the 5th finger
HP:0006265,Aplasia/Hypoplasia of fingers
HP:0002977,Aplasia/Hypoplasia involving the central nervous system
HP:0100547,Abnormal forebrain morphology
HP:0007367,Atrophy/Degeneration affecting the central nervous system
HP:0007369,Atrophy/Degeneration affecting the cerebrum
HP:0002538,Abnormal cerebral cortex morphology
HP:0002059,Cerebral atrophy
HP:0002060,Abnormal cerebral morphology
HP:0012443,Abnormal brain morphology
HP:0012444,Brain atrophy
HP:0032140,Decreased specific antibody response to vaccination
HP:0012475,Decreased circulating level of specific antibody
HP:0031404,Impaired antigen-specific response
HP:0004313,Decreased circulating antibody level
HP:0410302,Decreased specific antibody response to protein-conjugated polysaccharide vaccine
HP:0034058,Abnormal fetal morphology
HP:0034057,Fetal anomaly
HP:0001197,Abnormality of prenatal development or birth
HP:0100729,Large face
HP:0040012,Chromosome breakage
HP:0003220,Abnormality of chromosome stability
HP:0001892,Abnormal bleeding
HP:0031377,Abnormal cell proliferation
HP:0031378,Abnormal lymphocyte proliferation
HP:0031381,Decreased lymphocyte proliferation in response to mitogen
HP:0010280,Stomatitis
HP:0031446,Erosion of oral mucosa
HP:0011830,Abnormal oral mucosa morphology
HP:0002665,Lymphoma
HP:0004377,Hematological neoplasm
HP:0012539,Non-Hodgkin lymphoma
HP:0025408,Abnormal spleen morphology
HP:0001743,Abnormality of the spleen
HP:0032163,Molluscum contagiosum
HP:0032162,Unusual skin infection
HP:0032158,Unusual infection by anatomical site
HP:0009887,Abnormality of hair pigmentation
HP:0011358,Generalized hypopigmentation of hair
HP:0005599,Hypopigmentation of hair
HP:0001288,Gait disturbance
HP:0410242,Abnormal circulating IgG level
HP:0040006,Mortality/Aging
HP:0031797,Clinical course
HP:0011420,Age of death
HP:0000174,Abnormal palate morphology
HP:0008067,Abnormally lax or hyperextensible skin
HP:0010647,Abnormal elasticity of skin
HP:0000964,Eczematoid dermatitis
HP:0002242,Abnormal intestine morphology
HP:0025033,Abnormal digestive system morphology
HP:0002250,Abnormal large intestine morphology
HP:0100589,Urogenital fistula
HP:0012718,Abnormal gastrointestinal tract morphology
HP:0002034,Abnormal rectum morphology
HP:0100819,Intestinal fistula
HP:0000119,Abnormality of the genitourinary system
HP:0012732,Anorectal anomaly
HP:0011840,Abnormality of T cell physiology
HP:0002793,Abnormal pattern of respiration
HP:0002094,Dyspnea
HP:0001263,Global developmental delay
HP:0006532,Recurrent pneumonia
HP:0004429,Recurrent viral infections
HP:0100886,Abnormality of globe location
HP:0025270,Abnormal esophagus physiology
HP:0003272,Abnormal hip bone morphology
HP:0002644,Abnormal pelvic girdle bone morphology
HP:0004370,Abnormality of temperature regulation
HP:0031396,Abnormal proportion of naive T cells
HP:0010976,B lymphocytopenia
HP:0001888,Lymphopenia
HP:0002846,Abnormal B cell morphology
HP:0010975,Abnormal B cell count
HP:0005403,T lymphocytopenia
HP:0001873,Thrombocytopenia
HP:0020100,Unusual fungal infection
HP:0031690,Opportunistic infection
HP:0032255,Opportunistic fungal infection
HP:0006482,Abnormal dental morphology
HP:0001410,Decreased liver function
HP:0025155,Abnormality of hepatobiliary system physiology
HP:0000436,Abnormal nasal tip morphology
HP:0006481,Abnormality of primary teeth
HP:0006292,Abnormality of dental eruption
HP:0000944,Abnormal metaphysis morphology
HP:0000324,Facial asymmetry
HP:0011897,Neutrophilia
HP:0007499,Recurrent staphylococcal infections
HP:0002718,Recurrent bacterial infections
HP:0003330,Abnormal bone structure
HP:0011849,Abnormal bone ossification
HP:0004348,Abnormality of bone mineral density
HP:0011001,Increased bone mineral density
HP:0002733,Abnormal lymph node morphology
HP:0011014,Abnormal glucose homeostasis
HP:0011015,Abnormal blood glucose concentration
HP:0001943,Hypoglycemia
HP:0410042,Abnormal liver morphology
HP:0011442,Abnormal central motor function
HP:0010549,Weakness due to upper motor neuron dysfunction
HP:0004374,Hemiplegia/hemiparesis
HP:0002493,Upper motor neuron dysfunction
HP:0005420,Recurrent gram-negative bacterial infections
HP:0008373,Puberty and gonadal disorders
HP:0040195,Decreased head circumference
HP:0007364,Aplasia/Hypoplasia of the cerebrum
HP:0005484,Secondary microcephaly
HP:0000240,Abnormality of skull size
HP:0000252,Microcephaly
HP:0000364,Hearing abnormality
HP:0000365,Hearing impairment
HP:0000405,Conductive hearing impairment
HP:0000407,Sensorineural hearing impairment
HP:0031704,Abnormal ear physiology
HP:0011452,Functional abnormality of the middle ear
HP:0011389,Functional abnormality of the inner ear
HP:0000684,Delayed eruption of teeth
HP:0011843,Abnormal musculoskeletal physiology
HP:0002757,Recurrent fractures
HP:0002659,Increased susceptibility to fractures
HP:0020110,Bone fracture
HP:0012384,Rhinitis
HP:0040133,Abnormal circulating ferritin concentration
HP:0033331,Acute phase response
HP:0010876,Abnormal circulating protein concentration
HP:0011136,Aplasia of the sweat glands
HP:0007592,Aplasia/Hypoplastia of the eccrine sweat glands
HP:0000971,Abnormal sweat gland morphology
HP:0011135,Aplasia/Hypoplasia of the sweat glands
HP:0002118,Abnormal cerebral ventricle morphology
HP:0030047,Abnormal lateral ventricle morphology
HP:0002119,Ventriculomegaly
HP:0001597,Abnormality of the nail
HP:0000002,Abnormality of body height
HP:0004322,Short stature
HP:0005415,Decreased proportion of CD8-positive T cells
HP:0200007,Abnormal size of the palpebral fissures
HP:0008050,Abnormality of the palpebral fissures
HP:0012190,T-cell lymphoma
HP:0011450,Unusual CNS infection
HP:0000159,Abnormal lip morphology
HP:0004305,Involuntary movements
HP:0005120,Abnormal cardiac atrium morphology
HP:0001671,Abnormal cardiac septum morphology
HP:0011994,Abnormal atrial septum morphology
HP:0001627,Abnormal heart morphology
HP:0000504,Abnormality of vision
HP:0410240,Abnormal circulating IgA level
HP:0000765,Abnormal thorax morphology
HP:0000766,Abnormal sternum morphology
HP:0032260,Opportunistic bacterial infection
HP:0001928,Abnormality of coagulation
HP:0010990,Abnormality of the common coagulation pathway
HP:0003256,Abnormality of the coagulation cascade
HP:0011898,Abnormality of circulating fibrinogen
HP:0001250,Seizure
HP:0002121,Generalized non-motor (absence) seizure
HP:0011146,Dialeptic seizure
HP:0033259,Non-motor seizure
HP:0002197,Generalized-onset seizure
HP:0007400,Irregular hyperpigmentation
HP:0001034,Hypermelanotic macule
HP:0012733,Macule
HP:0004386,Gastrointestinal inflammation
HP:0002037,Inflammation of the large intestine
HP:0002583,Colitis
HP:0002240,Hepatomegaly
HP:0003271,Visceromegaly
HP:0001744,Splenomegaly
HP:0001438,Abnormal abdomen morphology
HP:0031394,Abnormal CD4:CD8 ratio
HP:0000676,Abnormality of the incisor
HP:0011063,Abnormal incisor morphology
HP:0011065,Conical incisor
HP:0000698,Conical tooth
HP:0011113,Abnormality of cytokine secretion
HP:0006288,Advanced eruption of teeth
HP:0033582,Pulmonary interstitial lymphocyte infiltration
HP:0006515,Interstitial pneumonitis
HP:0025539,Abnormal B cell subset distribution
HP:0030373,Abnormal proportion of memory B cells
HP:0030374,Decreased proportion of memory B cells
HP:0030386,Abnormal proportion of class-switched memory B cells
HP:0012735,Cough
HP:0032436,Abnormal circulating C-reactive protein concentration
HP:0012177,Abnormal natural killer cell physiology
HP:0020096,Recurrent streptococcal infections
HP:0011274,Recurrent mycobacterial infections
HP:0030402,Abnormal platelet aggregation
HP:0003540,Impaired platelet aggregation
HP:0011869,Abnormal platelet function
HP:0025276,Abnormality of skin adnexa physiology
HP:0007550,Hypohidrosis or hyperhidrosis
HP:0011458,Abdominal symptom
HP:0011028,Abnormality of blood circulation
HP:0011029,Internal hemorrhage
HP:0025085,Bloody diarrhea
HP:0002014,Diarrhea
HP:0002239,Gastrointestinal hemorrhage
HP:0025668,Abnormal neck morphology
HP:0000464,Abnormality of the neck
HP:0003319,Abnormality of the cervical spine
HP:0005607,Abnormal tracheobronchial morphology
HP:0025426,Abnormal bronchus morphology
HP:0000927,Abnormality of skeletal maturation
HP:0000288,Abnormality of the philtrum
HP:0000177,Abnormal upper lip morphology
HP:0002244,Abnormal small intestine morphology
HP:0025129,Abnormal small intestinal mucosa morphology
HP:0011472,Abnormal small intestinal villus morphology
HP:0025142,Constitutional symptom
HP:0012531,Pain
HP:0001600,Abnormality of the larynx
HP:0025423,Abnormal larynx morphology
HP:0031137,Storage in hepatocytes
HP:0006561,Lipid accumulation in hepatocytes
HP:0032243,Abnormal tissue metabolite concentration
HP:0034644,Abnormal liver metabolite concentration
HP:0001397,Hepatic steatosis
HP:0002257,Chronic rhinitis
HP:0200035,Skin plaque
HP:0040070,Abnormal upper limb bone morphology
HP:0040071,Abnormal morphology of ulna
HP:0040072,Abnormal forearm bone morphology
HP:0002973,Abnormal forearm morphology
HP:0003026,Short long bone
HP:0009821,Forearm undergrowth
HP:0006495,Aplasia/Hypoplasia of the ulna
HP:0009824,Upper limb undergrowth
HP:0009826,Limb undergrowth
HP:0006503,Aplasia/hypoplasia involving forearm bones
HP:0034915,Abnormal anus morphology
HP:0004378,Abnormality of the anus
HP:0010663,Abnormal thalamus morphology
HP:0010662,Abnormality of the diencephalon
HP:0011370,Recurrent cutaneous fungal infections
HP:0001581,Recurrent skin infections
HP:0002841,Recurrent fungal infections
HP:0200006,Slanting of the palpebral fissure
HP:0008873,Disproportionate short-limb short stature
HP:0003498,Disproportionate short stature
HP:0003712,Skeletal muscle hypertrophy
HP:0030236,Abnormality of muscle size
HP:0002500,Abnormal cerebral white matter morphology
HP:0010993,Abnormal cerebral subcortex morphology
HP:0001732,Abnormality of the pancreas
HP:0012091,Abnormality of pancreas physiology
HP:0012387,Bronchitis
HP:0010720,Abnormal hair pattern
HP:0011361,Congenital abnormal hair pattern
HP:0100037,Abnormality of the scalp hair
HP:0001965,Abnormal scalp morphology
HP:0009553,Abnormality of the hairline
HP:0100766,Abnormal lymphatic vessel morphology
HP:0011360,Acquired abnormal hair pattern
HP:0001596,Alopecia
HP:0001367,Abnormal joint morphology
HP:0001369,Arthritis
HP:0010721,Abnormal hair whorl
HP:0002963,Abnormal delayed hypersensitivity skin test
HP:0004673,Decreased facial expression
HP:0005346,Abnormal facial expression
HP:0200043,Verrucae
HP:0001952,Glucose intolerance
HP:0000819,Diabetes mellitus
HP:0100705,Abnormal glial cell morphology
HP:0000078,Abnormality of the genital system
HP:0000080,Abnormality of reproductive system physiology
HP:0025090,Abnormal large intestinal mucosa morphology
HP:0000772,Abnormal rib morphology
HP:0001547,Abnormal rib cage morphology
HP:0008515,Aplasia/Hypoplasia of the vertebrae
HP:0009122,Aplasia/hypoplasia affecting bones of the axial skeleton
HP:0008518,Aplasia/Hypoplasia involving the vertebral column
HP:0011329,Abnormality of cranial sutures
HP:0000235,Abnormality of the fontanelles or cranial sutures
HP:0005556,Abnormality of the metopic suture
HP:0000356,Abnormality of the outer ear
HP:0000357,Abnormal location of ears
HP:0000377,Abnormal pinna morphology
HP:0032516,Invasive dermatophyte infection
HP:0012144,Abnormal monocyte morphology
HP:0012310,Abnormal monocyte count
HP:0000499,Abnormal eyelash morphology
HP:0000517,Abnormal lens morphology
HP:0004328,Abnormal anterior eye segment morphology
HP:0020101,Invasive fungal infection
HP:0012131,Abnormal number of erythroid precursors
HP:0002926,Abnormality of thyroid physiology
HP:0000820,Abnormality of the thyroid gland
HP:0100765,Abnormality of the tonsils
HP:0000481,Abnormal cornea morphology
HP:0011495,Abnormal corneal epithelium morphology
HP:0100533,Inflammatory abnormality of the eye
HP:0001875,Neutropenia
HP:0100840,Aplasia/Hypoplasia of the eyebrow
HP:0000534,Abnormal eyebrow morphology
HP:0000600,Abnormality of the pharynx
HP:0033151,Abnormal pharynx morphology
HP:0000032,Abnormal male external genitalia morphology
HP:0000036,Abnormal penis morphology
HP:0000811,Abnormal external genitalia
HP:0032076,Abnormal male urethral meatus morphology
HP:0000079,Abnormality of the urinary system
HP:0012243,Abnormal reproductive system morphology
HP:0100627,Displacement of the urethral meatus
HP:0010936,Abnormality of the lower urinary tract
HP:0000795,Abnormality of the urethra
HP:0010461,Abnormality of the male genitalia
HP:0034317,Unusual viral infection
HP:0034318,Unusual virus reactivation
HP:0001739,Abnormal nasopharynx morphology
HP:0000587,Abnormal optic nerve morphology
HP:0001549,Abnormal ileum morphology
HP:0010674,Abnormal curvature of the vertebral column
HP:0001912,Abnormal basophil morphology
HP:0031806,Abnormal basophil count
HP:0002716,Lymphadenopathy
HP:0410035,Abnormal T cell activation
HP:0010881,Abnormality of the umbilical cord
HP:0001194,Abnormalities of placenta or umbilical cord
HP:0031653,Abnormal heart valve physiology
HP:0031654,Abnormal pulmonary valve physiology
HP:0005353,Recurrent herpes
HP:0030791,Abnormal jaw morphology
HP:0000277,Abnormal mandible morphology
HP:0001370,Rheumatoid arthritis
HP:0000864,Abnormality of the hypothalamus-pituitary axis
HP:0011747,Abnormality of the anterior pituitary
HP:0010514,Hyperpituitarism
HP:0012503,Abnormal pituitary gland morphology
HP:0012293,Abnormal genital pigmentation
HP:0012145,Abnormality of multiple cell lineages in the bone marrow
HP:0005561,Abnormal bone marrow cell morphology
HP:0001907,Thromboembolism
HP:0001977,Abnormal thrombosis
HP:0030141,Abnormality of the posterior hairline
HP:0410332,Plant based food allergy
HP:0500093,Food allergy
HP:0008417,Vertebral hypoplasia
HP:0008479,Hypoplastic vertebral bodies
HP:0012447,Abnormal myelination
HP:0011400,Abnormal CNS myelination
HP:0002721,Immunodeficiency
HP:0005387,Combined immunodeficiency
HP:0010668,Abnormal zygomatic bone morphology
HP:0000309,Abnormal midface morphology
HP:0004426,Abnormal cheek morphology
HP:0100276,Skin pit
HP:0100277,Periauricular skin pits
HP:0000383,Abnormal periauricular region morphology
HP:0001711,Abnormal left ventricle morphology
HP:0001713,Abnormal cardiac ventricle morphology
HP:0011103,Abnormal left ventricular outflow tract morphology
HP:0001714,Ventricular hypertrophy
HP:0011338,Abnormality of mouth shape
HP:0011116,Abnormal circulating interferon concentration
HP:0030355,Abnormal circulating interferon-gamma concentration
HP:0011443,Abnormality of coordination
HP:0010944,Abnormal renal pelvis morphology
HP:0010946,Dilatation of the renal pelvis
HP:0010935,Abnormality of the upper urinary tract
HP:0000077,Abnormality of the kidney
HP:0012210,Abnormal renal morphology
HP:0001945,Fever
HP:0001760,Abnormal foot morphology
HP:0001159,Syndactyly
HP:0001770,Toe syndactyly
HP:0001780,Abnormal toe morphology
HP:0002814,Abnormality of the lower limb
HP:0025615,Abscess
HP:0003212,Increased circulating IgE level
HP:0000264,Abnormal mastoid morphology
HP:0410243,Abnormal circulating IgM level
HP:0030151,Cholangitis
HP:0001080,Biliary tract abnormality
HP:0012440,Abnormal biliary tract morphology
HP:0200005,Abnormal shape of the palpebral fissure
HP:0020064,Abnormal eosinophil count
HP:0001879,Abnormal eosinophil morphology
HP:4000054,Exanthem
HP:0000988,Skin rash
HP:0031983,Abnormal pulmonary thoracic imaging finding
HP:0009601,Aplasia/Hypoplasia of the thumb
HP:0001172,Abnormal thumb morphology
HP:0031416,Abnormal nasal mucus secretion
HP:0000422,Abnormal nasal bridge morphology
HP:0000505,Visual impairment
HP:0045073,Serositis
HP:0002585,Abnormal peritoneum morphology
HP:0012115,Hepatitis
HP:0200123,Chronic hepatitis
HP:0005374,Cellular immunodeficiency
HP:0002093,Respiratory insufficiency
HP:0004887,Respiratory failure requiring assisted ventilation
HP:0011061,Abnormality of dental structure
HP:0002298,Absent hair
HP:0008678,Renal hypoplasia/aplasia
HP:0025461,Abnormal cell morphology
HP:0008070,Sparse hair
HP:0000372,Abnormal auditory canal morphology
HP:0002586,Peritonitis
HP:5200046,Sensory behavioral abnormality
HP:5200058,Sensory hypersensitivity
HP:0000433,Abnormal nasal mucosa morphology
HP:0002027,Abdominal pain
HP:0032148,Episodic pain
HP:0025021,Abnormal erythrocyte sedimentation rate
HP:0011298,Prominent digit pad
HP:0001211,Abnormal fingertip morphology
HP:0011356,Regional abnormality of skin
HP:0002589,Gastrointestinal atresia
HP:0032135,Decreased circulating IgG subclass level
HP:0004315,Decreased circulating IgG level
HP:0031392,Abnormal proportion of CD4-positive T cells
HP:0002282,Gray matter heterotopia
HP:0002269,Abnormality of neuronal migration
HP:0030379,Abnormal proportion of transitional B cells
HP:0001270,Motor delay
HP:0025018,Abnormal capillary physiology
HP:0001903,Anemia
HP:0001878,Hemolytic anemia
HP:0011895,Anemia due to reduced life span of red cells
HP:0012640,Abnormality of intracranial pressure
HP:0008047,Abnormality of the vasculature of the eye
HP:0000502,Abnormal conjunctiva morphology
HP:0025337,Red eye
HP:0011948,Recurrent acute respiratory tract infection
HP:0003474,Somatic sensory dysfunction
HP:0033747,Abnormal exteroceptive sensation
HP:0002679,Abnormal sella turcica morphology
HP:0002681,Deformed sella turcica
HP:0031365,Macular purpura
HP:0001933,Subcutaneous hemorrhage
HP:0000979,Purpura
HP:0011337,Abnormality of mouth size
HP:0100872,Abnormality of the plantar skin of foot
HP:0032892,Infection-related seizure
HP:0002837,Recurrent bronchitis
HP:0011277,Abnormality of the urinary system physiology
HP:0012211,Abnormal renal physiology
HP:0002031,Abnormal esophagus morphology
HP:0011100,Intestinal atresia
HP:0001954,Recurrent fever
HP:0200036,Skin nodule
HP:0000388,Otitis media
HP:0006753,Neoplasm of the stomach
HP:0002577,Abnormal stomach morphology
HP:0034930,Digestive system neoplasm
HP:0007378,Neoplasm of the gastrointestinal tract
HP:0100261,Abnormal tendon morphology
HP:0011729,Abnormality of joint mobility
HP:0030044,Flexion contracture of digit
HP:0034392,Joint contracture
HP:0001371,Flexion contracture
HP:0034430,Abnormal joint physiology
HP:0004312,Abnormal reticulocyte morphology
HP:0003110,Abnormality of urine homeostasis
HP:0012591,Abnormal urinary electrolyte concentration
HP:0011280,Abnormality of urine calcium concentration
HP:0045056,Abnormal circulating alpha-fetoprotein concentration
HP:0000750,Delayed speech and language development
HP:5201015,Craniofacial cleft
HP:0033137,Abnormal pulmonary alveolar system morphology
HP:0034243,Abnormal fetal pulmonary morphology
HP:0005948,Multiple pulmonary cysts
HP:0010959,Congenital pulmonary airway malformation
HP:0032445,Pulmonary cyst
HP:0009127,Abnormality of the musculature of the limbs
HP:0003690,Limb muscle weakness
HP:0100811,Aplasia/Hypoplasia of the colon
HP:0005245,Intestinal hypoplasia
HP:0000591,Abnormal sclera morphology
HP:0001249,Intellectual disability
HP:0100699,Scarring
HP:0046508,Abnormal cervical spine morphology
HP:0005905,Abnormal cervical curvature
HP:0002808,Kyphosis
HP:0012480,Abnormal cerebral vein morphology
HP:0033723,Abnormal cerebral venous sinus morphology
HP:0004936,Venous thrombosis
HP:0100659,Abnormal cerebral vascular morphology
HP:0009145,Abnormal cerebral artery morphology
HP:0011004,Abnormal systemic arterial morphology
HP:0000035,Abnormal testis morphology
HP:0000028,Cryptorchidism
HP:0000682,Abnormal dental enamel morphology
HP:0000685,Hypoplasia of teeth
HP:3000050,Abnormal odontoid tissue morphology
HP:0003043,Abnormal shoulder morphology
HP:0001217,Clubbing
HP:0011968,Feeding difficulties
HP:0008872,Feeding difficulties in infancy
HP:0033454,Tube feeding
HP:0000202,Orofacial cleft
HP:0000961,Cyanosis
HP:0001273,Abnormal corpus callosum morphology
HP:0002788,Recurrent upper respiratory tract infections
HP:0001697,Abnormal pericardium morphology
HP:0020104,Unusual protozoan infection
HP:0007663,Reduced visual acuity
HP:0011772,Abnormal thyroid morphology
HP:0000233,Thin vermilion border
HP:0011339,Abnormality of upper lip vermillion
HP:0000168,Abnormality of the gingiva
HP:0030313,Abnormal periosteum morphology
HP:0001637,Abnormal myocardium morphology
HP:0001638,Cardiomyopathy
HP:0031399,Abnormal proportion of double-negative alpha-beta regulatory T cell
HP:0034345,Mendelian inheritance
HP:0000005,Mode of inheritance
HP:0000549,Abnormal conjugate eye movement
HP:0000496,Abnormality of eye movement
HP:0000821,Hypothyroidism
HP:0004097,Deviation of finger
HP:0009484,Deviation of the hand or of fingers of the hand
HP:0100678,Premature skin wrinkling
HP:0007495,Prematurely aged appearance
HP:0000606,Abnormality of the periorbital region
HP:0003808,Abnormal muscle tone
HP:0001876,Pancytopenia
HP:0100827,Lymphocytosis
HP:0002955,Granulomatosis
HP:0011077,Abnormality of molar
HP:0006479,Abnormal dental pulp morphology
HP:0006486,Abnormal dental root morphology
HP:0011070,Abnormal molar morphology
HP:0011071,Abnormal permanent molar morphology
HP:0005656,Positional foot deformity
HP:0000968,Ectodermal dysplasia
HP:0001707,Abnormal right ventricle morphology
HP:0002120,Cerebral cortical atrophy
HP:0001631,Atrial septal defect
HP:0003202,Skeletal muscle atrophy
HP:0020177,"Abnormal proportion of CD8-positive, alpha-beta TEMRA T cells"
HP:0033993,Viral encephalitis
HP:0002383,Infectious encephalitis
HP:5200241,Recurrent maladaptive behavior
HP:0002818,Abnormal morphology of the radius
HP:0045008,Abnormal shape of the radius
HP:0006487,Bowing of the long bones
HP:0006488,Bowing of the arm
HP:0003956,Bowed forearm bones
HP:0005930,Abnormal epiphysis morphology
HP:0430048,Intracranial calcification
HP:0034221,Abnormal temporal lobe morphology
HP:0010766,Ectopic calcification
HP:0002514,Cerebral calcification
HP:0008661,Urethral stenosis
HP:0000796,Urethral obstruction
HP:0010438,Abnormal ventricular septum morphology
HP:0008771,Aplasia/Hypoplasia of the ear
HP:0008772,Aplasia/Hypoplasia of the external ear
HP:0008551,Microtia
HP:0012547,Abnormal involuntary eye movements
HP:0004298,Abnormality of the abdominal wall
HP:0004299,Hernia of the abdominal wall
HP:0001551,Abnormal umbilicus morphology
HP:0010866,Abdominal wall defect
HP:0100790,Hernia
HP:0000123,Nephritis
HP:0032183,Decreased proportion of memory T cells
HP:0002017,Nausea and vomiting
HP:0030829,Abnormal breath sound
HP:0003045,Abnormal patella morphology
HP:0003336,Abnormal enchondral ossification
HP:0100491,Abnormality of lower limb joint
HP:0034669,Abnormal knee morphology
HP:0002815,Abnormality of the knee
HP:0006536,Airway obstruction
HP:0011876,Abnormal platelet volume
HP:0011877,Increased mean platelet volume
HP:0410294,Decreased specific antibody response to protein vaccine
HP:0002763,Abnormal cartilage morphology
HP:0100593,Calcification of cartilage
HP:3000022,Abnormality of cartilage of external ear
HP:0001297,Stroke
HP:0002637,Cerebral ischemia
HP:0025722,Cerebral infarct
HP:0009473,Joint contracture of the hand
HP:0100360,Upper-limb joint contracture
HP:0100490,Camptodactyly of finger
HP:0003121,Limb joint contracture
HP:0001220,Interphalangeal joint contracture of finger
HP:0009810,Abnormality of upper limb joint
HP:0012385,Camptodactyly
HP:0012785,Flexion contracture of finger
HP:0006261,Abnormal phalangeal joint morphology of the hand
HP:0034681,Finger joint contracture
HP:0005406,Recurrent bacterial skin infections
HP:0002722,Recurrent abscess formation
HP:0031292,Cutaneous abscess
HP:0012288,Neoplasm of head and neck
HP:0012289,Facial neoplasm
HP:0100630,Neoplasia of the nasopharynx
HP:0012720,Neoplasm of the nose
HP:0100606,Neoplasm of the respiratory system
HP:0033432,Opportunistic viral infection
HP:0000834,Abnormality of the adrenal glands
HP:0011733,Abnormality of adrenal physiology
HP:0001751,Abnormal vestibular function
HP:0410379,"Abnormal proportion of CD4-positive, alpha-beta memory T cells"
HP:0410391,"Increased proportion of CD4-positive, alpha-beta memory T cells"
HP:0032219,Increased proportion of CD4-positive T cells
HP:0000677,Oligodontia
HP:0002728,Chronic mucocutaneous candidiasis
HP:0012176,Abnormal natural killer cell morphology
HP:0012116,Abnormal circulating albumin concentration
HP:0002720,Decreased circulating IgA level
HP:0032443,Past medical history
HP:0430103,Past surgical history
HP:0000998,Hypertrichosis
HP:0002219,Facial hypertrichosis
HP:0001880,Eosinophilia
HP:0008064,Ichthyosis
HP:0030875,Abnormality of pulmonary circulation
HP:0000691,Microdontia
HP:0031397,Decreased proportion of naive T cells
HP:0011035,Abnormal renal cortex morphology
HP:0031263,Abnormal renal corpuscle morphology
HP:0000095,Abnormal renal glomerulus morphology
HP:0012575,Abnormal nephron morphology
HP:0100543,Cognitive impairment
HP:0000889,Abnormal clavicle morphology
HP:0000419,Abnormal nasal septum morphology
HP:0008046,Abnormal retinal vascular morphology
HP:0500267,Abnormal proportion of CD4-positive helper T cells
HP:0032218,Decreased proportion of CD4-positive T cells
HP:0020085,Infection following live vaccination
HP:0002013,Vomiting
HP:0000282,Facial edema
HP:0010161,Abnormal toe phalanx morphology
HP:0410299,Decreased specific antibody response to polysaccharide vaccine
HP:0410373,Abnormal proportion of naive CD4 T cells
HP:0006711,Aplasia/Hypoplasia involving bones of the thorax
HP:0006710,Aplasia/Hypoplasia of the clavicles
HP:0032064,Gastrointestinal eosinophilia
HP:0100633,Esophagitis
HP:0025580,Abnormal right atrium morphology
HP:0007546,Linear hyperpigmentation
HP:0000278,Retrognathia
HP:0000347,Micrognathia
HP:0009116,Aplasia/Hypoplasia involving bones of the skull
HP:0009118,Aplasia/Hypoplasia of the mandible
HP:0500033,Abnormal natural killer subset distribution
HP:0040089,Abnormal natural killer cell count
HP:0100806,Sepsis
HP:0001287,Meningitis
HP:0010786,Urinary tract neoplasm
HP:0005584,Renal cell carcinoma
HP:0007379,Neoplasm of the genitourinary tract
HP:0009726,Renal neoplasm
HP:0008056,Aplasia/Hypoplasia affecting the eye
HP:0008057,Aplasia/Hypoplasia affecting the fundus
HP:0004349,Reduced bone mineral density
HP:0032245,Abnormal metabolism
HP:0012345,Abnormal glycosylation
HP:0012346,Abnormal protein glycosylation
HP:0012347,Abnormal protein N-linked glycosylation
HP:0012349,Abnormal sialylation of N-linked protein glycosylation
HP:0007370,Aplasia/Hypoplasia of the corpus callosum
HP:0001274,Agenesis of corpus callosum
HP:0033725,Thin corpus callosum
HP:0004340,Abnormality of vitamin B metabolism
HP:0004341,Abnormality of vitamin B12 metabolism
HP:0100508,Abnormality of vitamin metabolism
HP:0001382,Joint hypermobility
HP:0430046,Small joint hypermobilty
HP:0010609,Skin tags
HP:0034889,Positive urine infectious agent nucleic acid test
HP:0002246,Abnormal duodenum morphology
HP:0012848,Small intestinal stenosis
HP:0002101,Abnormal lung lobation
HP:4000059,Abnormal lung development
HP:0004295,Abnormal gastric mucosa morphology
HP:0012795,Abnormal optic disc morphology
HP:0000736,Short attention span
HP:5200044,Reduced attention regulation
HP:0000734,Disinhibition
HP:0000752,Hyperactivity
HP:0004798,Recurrent infection of the gastrointestinal tract
HP:0010787,Genital neoplasm
HP:0030416,Vulvar neoplasm
HP:0033020,Female reproductive system neoplasm
HP:0002103,Abnormal pleura morphology
HP:0004400,Abnormality of the pylorus
HP:0200034,Papule
HP:0100587,Abnormal preputium morphology
HP:0003040,Arthropathy
HP:0005195,Polyarticular arthropathy
HP:0011767,Abnormality of the parathyroid physiology
HP:0000828,Abnormality of the parathyroid gland
HP:0031411,Abnormal chromosome morphology
HP:0031412,Abnormal telomere morphology
HP:0003117,Abnormal circulating hormone concentration
HP:0000846,Adrenal insufficiency
HP:0008207,Primary adrenal insufficiency
HP:0012111,Abnormality of circulating glucocorticoid level
HP:0011731,Abnormality of circulating cortisol level
HP:0000614,Abnormal nasolacrimal system morphology
HP:0011479,Abnormal lacrimal punctum morphology
HP:0004360,Abnormality of acid-base homeostasis
HP:0001941,Acidosis
HP:0001942,Metabolic acidosis
HP:0000124,Renal tubular dysfunction
HP:0005435,Impaired T cell function
HP:0031379,Abnormal T cell proliferation
HP:0031842,Lymphangiectasis
HP:0001446,Abnormality of the musculature of the upper limbs
HP:0000782,Abnormal scapula morphology
HP:0001435,Abnormality of the shoulder girdle musculature
HP:0007556,Plantar hyperkeratosis
HP:0100871,Abnormal palm morphology
HP:0010765,Palmar hyperkeratosis
HP:0040211,Abnormal skin morphology of the palm
HP:0000962,Hyperkeratosis
HP:0001276,Hypertonia
HP:0000140,Abnormality of the menstrual cycle
HP:0030012,Abnormal female reproductive system physiology
HP:0010719,Abnormality of hair texture
HP:0100646,Thyroiditis
HP:0033763,Death in adulthood
HP:0012368,Flat face
HP:0012811,Wide nasal ridge
HP:0000952,Jaundice
HP:0010808,Protruding tongue
HP:0002958,Immune dysregulation
HP:0001045,Vitiligo
HP:0002901,Hypocalcemia
HP:0002910,Elevated circulating hepatic transaminase concentration
HP:0032247,Persistent CMV viremia
HP:0003316,Butterfly vertebrae
HP:0020114,Persistent human papillomavirus infection
HP:0002007,Frontal bossing
HP:0025343,Lupus anticoagulant
HP:0200149,CSF lymphocytic pleiocytosis
HP:0500270,Increased proportion of gamma-delta T cells
HP:0030783,Increased circulating interleukin 6 concentration
HP:0000643,Blepharospasm
HP:0200029,Vasculitis in the skin
HP:0005359,Aplasia of the thymus
HP:0012490,Panniculitis
HP:0031695,Severe parainfluenza infection
HP:0040049,Macular edema
HP:0025526,Psoriasiform lesion
HP:0011109,Chronic sinusitis
HP:0012632,Abnormal intraocular pressure
HP:0000286,Epicanthus
HP:0005942,Desquamative interstitial pneumonitis
HP:0010576,Intracranial cystic lesion
HP:0033637,Anti-endomysial antibody positivity
HP:0001007,Hirsutism
HP:0000729,Autistic behavior
HP:0000963,Thin skin
HP:0032168,Clostridium difficile colitis
HP:0007440,Generalized hyperpigmentation
HP:0010628,Facial palsy
HP:0032170,Severe varicella zoster infection
HP:0001525,Severe failure to thrive
HP:0000545,Myopia
HP:0500094,Latex allergy
HP:0000689,Dental malocclusion
HP:0001511,Intrauterine growth retardation
HP:0033185,Triggered by EBV infection
HP:0001328,Specific learning disability
HP:0410396,"Increased proportion of central memory CD8-positive, alpha-beta T cells"
HP:0009237,Short 5th finger
HP:0410303,Complete or near-complete absence of specific antibody response to Haemophilus influenzae type b (Hib) vaccine
HP:0001789,Hydrops fetalis
HP:0000276,Long face
HP:0010997,Chromosomal breakage induced by ionizing radiation
HP:0000421,Epistaxis
HP:0031382,Decreased lymphocyte proliferation in response to anti-CD3
HP:0011107,Recurrent aphthous stomatitis
HP:0032118,Retinitis
HP:0012191,B-cell lymphoma
HP:0010451,Aplasia/Hypoplasia of the spleen
HP:0032185,Disseminated molluscum contagiosum
HP:0002218,Silver-gray hair
HP:0002136,Broad-based gait
HP:0003237,Increased circulating IgG level
HP:0003819,Death in childhood
HP:0000218,High palate
HP:0003493,Antinuclear antibody positivity
HP:0000974,Hyperextensible skin
HP:0002863,Myelodysplasia
HP:0001051,Seborrheic dermatitis
HP:0001047,Atopic dermatitis
HP:0100590,Rectal fistula
HP:0002098,Respiratory distress
HP:0011342,Mild global developmental delay
HP:0033214,Recurrent viral pneumonia
HP:0000316,Hypertelorism
HP:0000778,Hypoplasia of the thymus
HP:0200042,Skin ulcer
HP:0005479,Decreased circulating IgE
HP:0002020,Gastroesophageal reflux
HP:0001385,Hip dysplasia
HP:0001010,Hypopigmentation of the skin
HP:0001882,Leukopenia
HP:0005365,Severe B lymphocytopenia
HP:0004854,Intermittent thrombocytopenia
HP:0033351,Candida esophagitis
HP:0100874,Thick hair
HP:0020099,Severe norovirus infection
HP:0001399,Hepatic failure
HP:0000437,Depressed nasal tip
HP:0006335,Persistence of primary teeth
HP:0003025,Metaphyseal irregularity
HP:0011332,Hemifacial hypoplasia
HP:0005523,Lymphoproliferative disorder
HP:0001025,Urticaria
HP:0410257,Neutrophilia in presence of infection
HP:0002726,Recurrent Staphylococcus aureus infections
HP:0011002,Osteopetrosis
HP:0000448,Prominent nose
HP:0002732,Lymph node hypoplasia
HP:0001998,Neonatal hypoglycemia
HP:0001009,Telangiectasia
HP:0001269,Hemiparesis
HP:0009755,Ankyloblepharon
HP:0002741,Recurrent Serratia marcescens infections
HP:0000823,Delayed puberty
HP:0000253,Progressive microcephaly
HP:0000410,Mixed hearing impairment
HP:0000680,Delayed eruption of primary teeth
HP:0003084,Fractures of the long bones
HP:0000989,Pruritus
HP:0003193,Allergic rhinitis
HP:0003281,Increased circulating ferritin concentration
HP:0200039,Pustule
HP:0040042,Aplasia of the eccrine sweat glands
HP:0006956,Lateral ventricle dilatation
HP:0001806,Onycholysis
HP:0001055,Erysipelas
HP:0002611,Cholestatic liver disease
HP:0005422,Absence of CD8-positive T cells
HP:0000958,Dry skin
HP:0025092,Epidermal acanthosis
HP:0000581,Blepharophimosis
HP:0012192,Cutaneous T-cell lymphoma
HP:0006946,Recurrent meningitis
HP:0410030,Cleft lip
HP:0001337,Tremor
HP:0003261,Increased circulating IgA level
HP:0000768,Pectus carinatum
HP:0032326,Methicillin-resistant Staphylococcus aureus infection
HP:0011900,Hypofibrinogenemia
HP:0011147,Typical absence seizure
HP:0000957,Cafe-au-lait spot
HP:0032262,Pulmonary tuberculosis
HP:0033164,Focal active colitis
HP:0001433,Hepatosplenomegaly
HP:0032252,Granuloma
HP:0007427,Reticulated skin pigmentation
HP:0033222,Decreased CD4:CD8 ratio
HP:0006342,Peg-shaped maxillary lateral incisors
HP:0011114,Defective production of NFKB1-dependent cytokines
HP:0000695,Natal tooth
HP:0002754,Osteomyelitis
HP:0005428,Severe recurrent varicella
HP:0030084,Clinodactyly
HP:0006527,Lymphocytic interstitial pneumonia
HP:0030388,Decreased proportion of class-switched memory B cells
HP:0031245,Productive cough
HP:0011227,Elevated circulating C-reactive protein concentration
HP:0002840,Lymphadenitis
HP:0012178,Reduced natural killer cell activity
HP:0005366,Recurrent streptococcus pneumoniae infections
HP:0011275,Recurrent mycobacterium avium complex infections
HP:0008320,Impaired collagen-induced platelet aggregation
HP:0031545,Abnormally low T cell receptor excision circle level
HP:0010783,Erythema
HP:0000966,Hypohidrosis
HP:0034286,Pneumocystis carinii pneumonia
HP:0002573,Hematochezia
HP:0000470,Short neck
HP:0002110,Bronchiectasis
HP:0002848,Decreased specific anti-polysaccharide antibody level
HP:0002750,Delayed skeletal maturation
HP:0000343,Long philtrum
HP:0011473,Villous atrophy
HP:0002829,Arthralgia
HP:0033000,Subglottic laryngitis
HP:0001403,Macrovesicular hepatic steatosis
HP:0005257,Thoracic hypoplasia
HP:0032438,Platelet anisocytosis
HP:0040334,Purulent rhinitis
HP:0025474,Erythematous plaque
HP:4000034,Infection-associated lymphopenia
HP:0002133,Status epilepticus
HP:0011944,Small vessel vasculitis
HP:0031380,Abnormal B cell proliferation
HP:0003022,Hypoplasia of the ulna
HP:0011131,Perianal dermatitis
HP:0025064,Thalamic hemorrhage
HP:0040197,Encephalomalacia
HP:0000494,Downslanted palpebral fissures
HP:0008905,Rhizomelia
HP:0000158,Macroglossia
HP:0034295,Reduced cerebral white matter volume
HP:0012092,Abnormality of exocrine pancreas physiology
HP:0000455,Broad nasal tip
HP:0031398,Increased proportion of naive T cells
HP:0000599,Abnormality of the frontal hairline
HP:0002232,Patchy alopecia
HP:0040311,Symmetric polyarthritis
HP:0002236,Frontal upsweep of hair
HP:0002972,Reduced delayed hypersensitivity
HP:0000298,Mask-like facies
HP:0550004,Verruca plana
HP:0100651,Type I diabetes mellitus
HP:0002171,Gliosis
HP:0000135,Hypogonadism
HP:0032216,Lymphocytic infiltration of the colorectal mucosa
HP:0000883,Thin ribs
HP:0040079,Irregular dentition
HP:0002024,Malabsorption
HP:0000970,Anhidrosis
HP:0011330,Metopic synostosis
HP:0000369,Low-set ears
HP:0000668,Hypodontia
HP:0032518,Disseminated dermatophytosis
HP:0012312,Monocytopenia
HP:0040052,Abnormality of lower eyelashes
HP:0000518,Cataract
HP:0002740,Recurrent E. coli infections
HP:0002742,Recurrent Klebsiella infections
HP:0020103,Invasive pulmonary aspergillosis
HP:0012133,Erythroid hypoplasia
HP:0030813,Absent tonsils
HP:0410338,Plant product allergy
HP:0000280,Coarse facial features
HP:0020102,Pneumocystis jirovecii pneumonia
HP:0000582,Upslanted palpebral fissure
HP:0000491,Keratitis
HP:0410255,Transient neutropenia
HP:0045075,Sparse eyebrow
HP:0025439,Pharyngitis
HP:0002243,Protein-losing enteropathy
HP:0000047,Hypospadias
HP:0000411,Protruding ear
HP:0025163,Abnormal optic chiasm morphology
HP:0032336,Increased circulating specific IgE antibody
HP:0032564,Ileitis
HP:0003270,Abdominal distention
HP:0002650,Scoliosis
HP:0001531,Failure to thrive in infancy
HP:0031808,Decreased basophil count
HP:0008940,Generalized lymphadenopathy
HP:0005419,Decreased T cell activation
HP:0032435,Neonatal omphalitis
HP:0010444,Pulmonary insufficiency
HP:0410028,Recurrent oral herpes
HP:0410397,Bronchiolectasis
HP:0005681,Juvenile rheumatoid arthritis
HP:0011749,Adrenocorticotropic hormone excess
HP:0030257,Freckled genitalia
HP:0001727,Thromboembolic stroke
HP:0002162,Low posterior hairline
HP:0034241,Prenatal death
HP:0410331,Nut food product allergy
HP:0004432,Agammaglobulinemia
HP:0008897,Postnatal growth retardation
HP:0000574,Thick eyebrow
HP:0004629,Small cervical vertebral bodies
HP:0002415,Leukodystrophy
HP:0004430,Severe combined immunodeficiency
HP:0010620,Malar prominence
HP:0004467,Preauricular pit
HP:0005425,Recurrent sinopulmonary infections
HP:0007359,Focal-onset seizure
HP:0001682,Subvalvular aortic stenosis
HP:0100825,Cheilitis
HP:0001712,Left ventricular hypertrophy
HP:0000207,Triangular mouth
HP:0012745,Short palpebral fissure
HP:0033253,Reduced circulating interferon gamma concentration
HP:0002652,Skeletal dysplasia
HP:0002275,Poor motor coordination
HP:0000126,Hydronephrosis
HP:0003249,Genital ulcers
HP:0033399,Persistent fever
HP:0004691,2-3 toe syndactyly
HP:0025044,Lung abscess
HP:0000980,Pallor
HP:0001541,Ascites
HP:0032339,Polyclonal elevation of circulating IgE
HP:0000265,Mastoiditis
HP:0003496,Increased circulating IgM level
HP:0000506,Telecanthus
HP:0030991,Sclerosing cholangitis
HP:0007874,Almond-shaped palpebral fissure
HP:0031891,Decreased eosinophil count
HP:0040186,Maculopapular exanthema
HP:0002113,Pulmonary infiltrates
HP:0009778,Short thumb
HP:0002849,Absence of lymph node germinal center
HP:0031417,Rhinorrhea
HP:0005376,Recurrent Haemophilus influenzae infections
HP:0005280,Depressed nasal bridge
HP:0012476,Decreased specific pneumococcal antibody level
HP:0011949,Acute infectious pneumonia
HP:0100704,Cerebral visual impairment
HP:0033628,Bowel irritability
HP:0200124,Chronic hepatitis due to cryptosporidium infection
HP:0006528,Chronic lung disease
HP:0005352,Severe T-cell immunodeficiency
HP:0000248,Brachycephaly
HP:0001824,Weight loss
HP:0002961,Dysgammaglobulinemia
HP:0033677,Acute respiratory distress syndrome
HP:0000670,Carious teeth
HP:0002223,Absent eyebrow
HP:0000089,Renal hypoplasia
HP:0011371,Recurrent viral skin infections
HP:0020072,Persistent EBV viremia
HP:0001518,Small for gestational age
HP:0002209,Sparse scalp hair
HP:0000402,Stenosis of the external auditory canal
HP:0001973,Autoimmune thrombocytopenia
HP:0003095,Septic arthritis
HP:0030717,Meconium peritonitis
HP:0000613,Photophobia
HP:0005401,Recurrent candida infections
HP:0100582,Nasal polyposis
HP:0002574,Episodic abdominal pain
HP:0000540,Hypermetropia
HP:0002023,Anal atresia
HP:0003565,Elevated erythrocyte sedimentation rate
HP:0001212,Prominent fingertip pads
HP:0002058,Myopathic facies
HP:0200119,Acute hepatitis
HP:0001522,Death in infancy
HP:0008348,Decreased circulating IgG2 level
HP:0007165,Periventricular heterotopia
HP:0030381,Increased proportion of transitional B cells
HP:0031368,Intestinal perforation
HP:0002194,Delayed gross motor development
HP:0001394,Cirrhosis
HP:0000637,Long palpebral fissure
HP:0030005,Capillary leak
HP:0004844,Coombs-positive hemolytic anemia
HP:0002516,Increased intracranial pressure
HP:0000358,Posteriorly rotated ears
HP:0000509,Conjunctivitis
HP:0002860,Squamous cell carcinoma
HP:0011950,Bronchiolitis
HP:0033748,Hypoesthesia
HP:0100281,Chronic colitis
HP:0002680,J-shaped sella turcica
HP:0000967,Petechiae
HP:0002789,Tachypnea
HP:0000160,Narrow mouth
HP:0410323,Drug allergy
HP:0033005,Plantar warts
HP:0032894,Seizure precipitated by febrile infection
HP:0100501,Recurrent bronchiolitis
HP:0000100,Nephrotic syndrome
HP:0002040,Esophageal varix
HP:0011102,Ileal atresia
HP:0001894,Thrombocytosis
HP:0002289,Alopecia universalis
HP:0025289,Cervical lymphadenopathy
HP:0002028,Chronic diarrhea
HP:0000527,Long eyelashes
HP:0032323,Periodic fever
HP:0001482,Subcutaneous nodule
HP:0000403,Recurrent otitis media
HP:0004394,Multiple gastric polyps
HP:0001923,Reticulocytosis
HP:0002150,Hypercalciuria
HP:0006254,Elevated circulating alpha-fetoprotein concentration
HP:0001344,Absent speech
HP:0033006,Diffuse alveolar damage
HP:0025725,Type 1 congenital pulmonary airway malformation
HP:0007340,Lower limb muscle weakness
HP:0000490,Deeply set eye
HP:0011229,Broad eyebrow
HP:0004388,Microcolon
HP:0000592,Blue sclerae
HP:0010864,"Intellectual disability, severe"
HP:0000987,Atypical scarring of skin
HP:0002947,Cervical kyphosis
HP:0033724,Cerebral venous sinus thrombosis
HP:0005390,Recurrent opportunistic infections
HP:0100726,Kaposi's sarcoma
HP:0000572,Visual loss
HP:0030252,Absent circulating B cells
HP:0011834,Moyamoya phenomenon
HP:0008689,Bilateral cryptorchidism
HP:0002878,Respiratory failure
HP:0008404,Nail dystrophy
HP:0006297,Enamel hypoplasia
HP:0200021,Down-sloping shoulders
HP:0100759,Clubbing of fingers
HP:0011471,Gastrostomy tube feeding in infancy
HP:0000175,Cleft palate
HP:0200048,Cyanotic episode
HP:0200117,Recurrent upper and lower respiratory tract infections
HP:0011344,Severe global developmental delay
HP:0001701,Pericarditis
HP:0034315,Chronic cough
HP:0020106,Severe giardiasis
HP:0000618,Blindness
HP:0012648,Decreased inflammatory response
HP:0005517,T-cell lymphoma/leukemia
HP:0100649,Neoplasm of the oral cavity
HP:0000348,High forehead
HP:0003347,Impaired lymphocyte transformation with phytohemagglutinin
HP:0000219,Thin upper lip vermilion
HP:0000704,Periodontitis
HP:0000337,Broad forehead
HP:0040165,Periostitis
HP:0002187,"Intellectual disability, profound"
HP:0011108,Recurrent sinusitis
HP:0001723,Restrictive cardiomyopathy
HP:0002851,"Elevated proportion of CD4-negative, CD8-negative, alpha-beta regulatory T cells"
HP:0000007,Autosomal recessive inheritance
HP:0000486,Strabismus
HP:0000238,Hydrocephalus
HP:0000832,Primary hypothyroidism
HP:0004870,Chronic hemolytic anemia
HP:0010557,Overlapping fingers
HP:0012203,Onychomycosis
HP:0000607,Periorbital wrinkles
HP:0032071,Eosinophilic pneumonia
HP:0004385,Protracted diarrhea
HP:0001915,Aplastic anemia
HP:0005404,Increased B cell count
HP:0100313,Cerebral granulomatosis
HP:0031693,Severe Epstein Barr virus infection
HP:0002724,Recurrent Aspergillus infections
HP:0000679,Taurodontia
HP:0001883,Talipes
HP:0007607,Hypohidrotic ectodermal dysplasia
HP:0001890,Autoimmune hemolytic anemia
HP:0004469,Chronic bronchitis
HP:0002553,Highly arched eyebrow
HP:0004387,Enterocolitis
HP:0001648,Cor pulmonale
HP:0031035,Chronic infection
HP:0012395,Seasonal allergy
HP:0012105,Occipital cortical atrophy
HP:0001655,Patent foramen ovale
HP:0000520,Proptosis
HP:0003700,Generalized amyotrophy
HP:0007430,Generalized edema
HP:0500265,"Increased proportion of CD8-positive, alpha-beta TEMRA T cells"
HP:0011133,Increased sensitivity to ionizing radiation
HP:0012302,Herpes simplex encephalitis
HP:0033428,Systemic autoinflammation
HP:0000718,Aggressive behavior
HP:0002986,Radial bowing
HP:0010579,Cone-shaped epiphysis
HP:0007229,Intracerebral periventricular calcifications
HP:0012227,Urethral stricture
HP:0004395,Malnutrition
HP:0001629,Ventricular septal defect
HP:0008569,"Microtia, second degree"
HP:0000639,Nystagmus
HP:0001537,Umbilical hernia
HP:0012330,Pyelonephritis
HP:0410385,"Decreased proportion of CD8-positive, alpha-beta memory T cells"
HP:0002352,Leukoencephalopathy
HP:0002170,Intracranial hemorrhage
HP:0011267,"Microtia, third degree"
HP:0002540,Inability to walk
HP:0030828,Wheezing
HP:0006454,Delayed patellar ossification
HP:0410018,Recurrent ear infections
HP:0006510,Chronic pulmonary obstruction
HP:0002645,Wormian bones
HP:0040185,Macrothrombocytopenia
HP:0410295,Complete or near-complete absence of specific antibody response to tetanus vaccine
HP:0005103,Calcification of the auricular cartilage
HP:0033221,Increased CD4:CD8 ratio
HP:0002140,Ischemic stroke
HP:0000230,Gingivitis
HP:0001215,Camptodactyly of 2nd-5th fingers
HP:0001004,Lymphedema
HP:0000431,Wide nasal bridge
HP:0000445,Wide nose
HP:0100838,Recurrent cutaneous abscess formation
HP:0030830,Crackles
HP:0030072,Paranasal sinus neoplasm
HP:0033431,Cytomegalovirus colitis
HP:0002321,Vertigo
HP:0002714,Downturned corners of mouth
HP:0410393,"Increased proportion of central memory CD4-positive, alpha-beta T cells"
HP:0012225,Oligodontia of primary teeth
HP:0001251,Ataxia
HP:0009098,Chronic oral candidiasis
HP:0003073,Hypoalbuminemia
HP:0003460,Decreased circulating total IgA
HP:0002099,Asthma
HP:0012204,Recurrent vulvovaginal candidiasis
HP:5000011,Anti-GAD65 antibody
HP:0032557,History of bone marrow transplant
HP:0000664,Synophrys
HP:0032061,Hypereosinophilia
HP:0031273,Shock
HP:0007431,Congenital ichthyosiform erythroderma
HP:0002204,Pulmonary embolism
HP:0025419,Pulmonary pneumatocele
HP:0200141,"Small, conical teeth"
HP:4000029,Antigliadin antibody positivity
HP:0410377,Decreased proportion of naive CD8 T cells
HP:0000099,Glomerulonephritis
HP:0002608,Celiac disease
HP:0001289,Confusion
HP:0000895,Lateral clavicle hook
HP:0012189,Hodgkin lymphoma
HP:0000420,Short nasal septum
HP:0025188,Retinal vasculitis
HP:0005407,Decreased proportion of CD4-positive helper T cells
HP:0033834,Malaise
HP:0002725,Systemic lupus erythematosus
HP:0020087,BCGosis
HP:0006538,Recurrent bronchopulmonary infections
HP:0002572,Episodic vomiting
HP:0030049,Brain abscess
HP:0100539,Periorbital edema
HP:0001256,"Intellectual disability, mild"
HP:0100760,Clubbing of toes
HP:0020086,BCGitis
HP:0410301,Partial absence of specific antibody response to unconjugated pneumococcus vaccine
HP:0410378,Decreased proportion of naive CD4 T cells
HP:0000894,Short clavicles
HP:0012736,Profound global developmental delay
HP:0410151,Eosinophilic infiltration of the esophagus
HP:0030718,Right atrial enlargement
HP:0000201,Pierre-Robin sequence
HP:0002643,Neonatal respiratory distress
HP:6000010,Linear Hyperpigmentation along Blaschko's lines
HP:0045080,Decreased proportion of CD3-positive T cells
HP:0000308,Microretrognathia
HP:0007588,Reticular hyperpigmentation
HP:0003811,Neonatal death
HP:0032215,Disseminated cutaneous warts
HP:0001698,Pericardial effusion
HP:0040219,Absent natural killer cells
HP:0011946,Bronchiolitis obliterans
HP:0000444,Convex nasal ridge
HP:0000311,Round face
HP:0032437,Reduced circulating C-reactive protein concecntration
HP:0007112,Temporal cortical atrophy
HP:0033587,Vulvar abscess
HP:0001635,Congestive heart failure
HP:0040187,Neonatal sepsis
HP:0009789,Perianal abscess
HP:0045074,Thin eyebrow
HP:0004796,Gastrointestinal obstruction
HP:0007041,Chronic lymphocytic meningitis
HP:0040218,Reduced natural killer cell count
HP:0006766,Papillary renal cell carcinoma
HP:0008058,Aplasia/Hypoplasia of the optic nerve
HP:0000938,Osteopenia
HP:0001156,Brachydactyly
HP:0410354,Increased sialylated N-glycan level
HP:0005521,Disseminated intravascular coagulation
HP:0032249,Coccidioidomycosis
HP:0003075,Hypoproteinemia
HP:0001338,Partial agenesis of the corpus callosum
HP:0040126,Abnormal circulating vitamin B12 concentration
HP:0031694,Severe adenovirus infection
HP:0005639,Hyperextensible hand joints
HP:0000384,Preauricular skin tag
HP:0005528,Bone marrow hypocellularity
HP:0002206,Pulmonary fibrosis
HP:0034890,Positive CMV urine nucleic acid test
HP:0100324,Scleroderma
HP:0033605,Pustular rash
HP:0011343,Moderate global developmental delay
HP:4000201,Abnormal circulating alpha mannosidase activity
HP:0033700,Papulovesicular eruption
HP:0008866,Failure to thrive secondary to recurrent infections
HP:0001019,Erythroderma
HP:0003139,Panhypogammaglobulinemia
HP:0100867,Duodenal stenosis
HP:0033255,Congenital lobar overinflation
HP:0005263,Gastritis
HP:0007459,Generalized anhidrosis
HP:0000648,Optic atrophy
HP:0000371,Acute otitis media
HP:0002041,Intractable diarrhea
HP:0007018,Attention deficit hyperactivity disorder
HP:0031123,Recurrent gastroenteritis
HP:0030417,Squamous cell carcinoma of the vulva
HP:0410328,Egg allergy
HP:0002202,Pleural effusion
HP:0002021,Pyloric stenosis
HP:0032137,Decreased circulating IgG3 level
HP:0410017,Otitis externa
HP:0012500,Verrucous papule
HP:0032167,Clostridium difficile enteritis
HP:0002315,Headache
HP:0002842,Recurrent Burkholderia cepacia infections
HP:0000155,Oral ulcer
HP:0001741,Phimosis
HP:0007238,Nonarteriosclerotic cerebral calcification
HP:0005764,Polyarticular arthritis
HP:0000829,Hypoparathyroidism
HP:0031413,Short telomere length
HP:0002850,Decreased circulating total IgM
HP:0008163,Decreased circulating cortisol level
HP:0000350,Small forehead
HP:0007892,Hypoplasia of the lacrimal punctum
HP:0001947,Renal tubular acidosis
HP:0030253,Defective T cell proliferation
HP:0002743,Recurrent enteroviral infections
HP:0410333,Seafood allergy
HP:0001904,Neutropenia in presence of anti-neutropil antibodies
HP:0000010,Recurrent urinary tract infections
HP:0000105,Enlarged kidney
HP:0002593,Intestinal lymphangiectasia
HP:0003691,Scapular winging
HP:0000972,Palmoplantar hyperkeratosis
HP:0410324,Dust mite allergy
HP:0001257,Spasticity
HP:0000394,Lop ear
HP:0001252,Hypotonia
HP:0001640,Cardiomegaly
HP:0031402,Reduced antigen-specific T cell proliferation
HP:0400008,Menometrorrhagia
HP:0100750,Atelectasis
HP:0002213,Fine hair
HP:0100658,Cellulitis
HP:0410298,Partial absence of specific antibody response to hepatitis B vaccine
HP:0000872,Hashimoto thyroiditis
HP:0100613,Death in early adulthood
HP:0031864,Bacteremia
HP:0030350,Erythematous papule
HP:0003765,Psoriasiform dermatitis
HP:0040075,Hypopituitarism
HP:0000001,All
